Text,Label
This product is amazing,Positive
I love this item,Positive
Excellent quality and finish,Positive
Very happy with the purchase,Positive
Absolutely fantastic experience,Positive
Highly recommended product,Positive
Superb and reliable,Positive
Very good product overall,Positive
Works perfectly without issues,Positive
Best purchase I have made,Positive
Really satisfied with the quality,Positive
Great value for money,Positive
Amazing performance and speed,Positive
Loved the design and look,Positive
Very useful in daily life,Positive
Product exceeded expectations,Positive
Quick delivery and neat packaging,Positive
Happy with the overall service,Positive
Five star quality product,Positive
Fantastic build quality,Positive
Very smooth performance,Positive
Comfortable and easy to use,Positive
Great experience overall,Positive
Loved it so much,Positive
Nice and premium feel,Positive
Very impressive features,Positive
Everything works perfectly,Positive
Very reliable and efficient,Positive
Top quality product,Positive
Worth every penny,Positive
The product quality is outstanding,Positive
Really impressed with this item,Positive
This exceeded my expectations,Positive
Very elegant and stylish,Positive
Super fast and responsive,Positive
I am extremely happy with this,Positive
Great build and durability,Positive
The experience was smooth,Positive
Very consistent performance,Positive
Loved the details and finishing,Positive
Amazing usability and design,Positive
Very polished and refined,Positive
Extremely satisfied with results,Positive
The product feels premium,Positive
High performance and quality,Positive
Smooth and seamless usage,Positive
Excellent usability,Positive
Very durable and strong,Positive
Great product overall,Positive
Best in this price range,Positive
Worst product ever,Negative
Very bad quality,Negative
I hate this product,Negative
Not worth the money,Negative
Terrible experience overall,Negative
Waste of money completely,Negative
Poor packaging and delivery,Negative
Disappointed with the service,Negative
Product stopped working quickly,Negative
Very poor performance,Negative
Cheap and low quality product,Negative
Not as described at all,Negative
Totally useless item,Negative
Very frustrating to use,Negative
Bad customer support,Negative
Late delivery and damaged item,Negative
Not recommended at all,Negative
Extremely disappointed,Negative
Quality is not good,Negative
Does not work properly,Negative
Awful experience,Negative
Very bad service,Negative
Not satisfied at all,Negative
Poor quality material,Negative
Horrible product experience,Negative
Regret buying this product,Negative
Not good at all,Negative
Worst experience ever,Negative
Terrible customer support,Negative
Item arrived broken,Negative
Very slow performance,Negative
Completely useless product,Negative
Bad packaging and delay,Negative
Very disappointing purchase,Negative
Waste of time and money,Negative
Does not meet expectations,Negative
Very low quality product,Negative
Not working as promised,Negative
Poor design and finish,Negative
I will not buy this again,Negative
This is terrible product,Negative
Very unreliable and weak,Negative
The product failed quickly,Negative
Extremely poor quality,Negative
Very bad finishing,Negative
Completely broken item,Negative
Not functional at all,Negative
Serious quality issues,Negative
The product is defective,Negative
Absolutely loved it,Positive
Brilliant product,Positive
Very comfortable to use,Positive
Excellent service,Positive
Totally worth buying,Positive
Good quality and affordable,Positive
Nice product,Positive
Very impressive,Positive
Great experience overall,Positive
Loved it so much,Positive
Amazing product quality,Positive
Very smooth operation,Positive
Highly efficient,Positive
Works flawlessly,Positive
Extremely useful product,Positive
Premium feel and look,Positive
Great usability,Positive
Perfectly designed,Positive
Very reliable,Positive
Outstanding performance,Positive
Top notch quality,Positive
Very elegant design,Positive
Easy to use interface,Positive
Very fast and responsive,Positive
Loved the overall experience,Positive
Very sturdy build,Positive
Excellent craftsmanship,Positive
The quality is top class,Positive
Very happy with the quality,Positive
This is a great product,Positive
Awful experience,Negative
Very bad service,Negative
Not satisfied,Negative
Poor quality material,Negative
Horrible product,Negative
Regret buying this,Negative
Not good at all,Negative
Worst experience ever,Negative
Terrible customer support,Negative
Item arrived broken,Negative
Very poor usability,Negative
Extremely annoying,Negative
Bad product quality,Negative
Completely disappointed,Negative
Very bad purchase,Negative
Low durability,Negative
Very weak performance,Negative
Unacceptable quality,Negative
Totally waste,Negative
Very bad design,Negative
This item works exactly as expected,Positive
I am very satisfied with this purchase,Positive
Quality is really impressive,Positive
Product is very well built,Positive
Smooth experience from start to finish,Positive
Very efficient and reliable product,Positive
Loved how easy it is to use,Positive
Amazing quality for the price,Positive
Totally exceeded my expectations,Positive
Great design and usability,Positive
Very strong and durable,Positive
Excellent performance overall,Positive
Product is very stable,Positive
Highly satisfied with the results,Positive
Everything is just perfect,Positive
Wonderful experience using this,Positive
Very convenient and useful,Positive
Top level performance,Positive
Really happy with this product,Positive
The quality feels premium,Positive
Works like a charm,Positive
Very consistent results,Positive
Impressed with the build quality,Positive
Amazing finish and detailing,Positive
Very nice and clean design,Positive
Excellent user experience,Positive
Super easy to operate,Positive
Very smooth functionality,Positive
Great product experience,Positive
Truly worth the investment,Positive
Outstanding experience overall,Positive
Very polished product,Positive
Feels very high quality,Positive
Extremely good performance,Positive
No issues at all,Positive
Very efficient working,Positive
I am loving this product,Positive
Great for daily usage,Positive
Superb experience so far,Positive
Very accurate and reliable,Positive
This product is terrible,Negative
Very disappointing results,Negative
Not worth the price,Negative
Product is very unreliable,Negative
Completely failed my expectations,Negative
Very poor design,Negative
It broke very quickly,Negative
Extremely frustrating product,Negative
Quality is extremely low,Negative
Very bad finishing,Negative
The product is unstable,Negative
Not useful at all,Negative
Very difficult to use,Negative
Terrible usability,Negative
The item is not durable,Negative
Poor performance overall,Negative
Very low efficiency,Negative
Bad experience using this,Negative
Very weak build quality,Negative
Product is not dependable,Negative
Extremely poor reliability,Negative
Waste product,Negative
Very annoying product,Negative
The item is badly made,Negative
Performance is not good,Negative
Very inconsistent results,Negative
Not satisfied with quality,Negative
Very bad experience overall,Negative
Not recommended product,Negative
It failed very soon,Negative
Product has many issues,Negative
Completely useless item,Negative
Very poor functionality,Negative
Extremely bad purchase,Negative
Worst quality ever,Negative
Product is defective,Negative
Very bad durability,Negative
Not working properly,Negative
Very poor experience,Negative
Completely disappointed with this,Negative
Really nice product quality,Positive
Amazing experience overall,Positive
Very clean and neat finish,Positive
High quality and performance,Positive
Excellent design and build,Positive
Very good usability,Positive
Loved using this product,Positive
Very efficient system,Positive
Product is very responsive,Positive
Extremely happy with results,Positive
Nice and solid build,Positive
Very intuitive to use,Positive
Great quality control,Positive
Very dependable product,Positive
Everything works smoothly,Positive
Fantastic usability,Positive
Very well engineered,Positive
Product feels strong,Positive
Very good overall experience,Positive
Highly recommended item,Positive
Excellent and reliable product,Positive
Very happy with performance,Positive
Nice and compact design,Positive
Works very efficiently,Positive
Amazing features included,Positive
The product is very user friendly,Positive
Great innovation in design,Positive
Very balanced performance,Positive
Extremely satisfied with purchase,Positive
Best in class product,Positive
Very uncomfortable to use,Negative
Terrible interface design,Negative
Very bad experience overall,Negative
Extremely poor build,Negative
Product feels very cheap,Negative
Very unreliable performance,Negative
Bad quality control,Negative
Very disappointing results,Negative
The product is faulty,Negative
Very poor user experience,Negative
Not working as expected,Negative
Very slow and laggy,Negative
Poor material quality,Negative
Extremely bad finishing,Negative
Product is not stable,Negative
Very inconsistent performance,Negative
Bad purchase decision,Negative
Product stopped suddenly,Negative
Very frustrating to use,Negative
Worst usability ever,Negative
Not worth buying this,Negative
Completely broken functionality,Negative
Very bad packaging quality,Negative
The product is damaged,Negative
Poor customer experience,Negative
Very low performance,Negative
Product has defects,Negative
Extremely unreliable product,Negative
Very disappointing build,Negative
Completely unusable item,Negative
This product delivers excellent results,Positive
I am very impressed with its performance,Positive
Great combination of quality and price,Positive
Very well designed product,Positive
Super easy and convenient to use,Positive
Product quality is top notch,Positive
Extremely reliable and fast,Positive
Very smooth and stable performance,Positive
Loved how efficient it is,Positive
Amazing experience using this,Positive
Everything works as expected,Positive
Very high quality product,Positive
Really great value,Positive
Excellent durability and strength,Positive
Very consistent and reliable,Positive
Happy with every aspect of this,Positive
Great product with nice features,Positive
Very comfortable and easy handling,Positive
Superb usability and design,Positive
Perfect product for everyday use,Positive
This is a fantastic purchase,Positive
Very impressive build quality,Positive
Product is very responsive,Positive
Excellent overall performance,Positive
Very fast and efficient system,Positive
Highly satisfied with quality,Positive
This is a wonderful product,Positive
Very clean and polished finish,Positive
Amazing attention to detail,Positive
Completely satisfied with this,Positive
This product is a complete failure,Negative
Very poor and disappointing quality,Negative
It does not function properly,Negative
Very unreliable performance,Negative
Extremely low durability,Negative
The product broke too soon,Negative
Very poor finishing quality,Negative
Not worth the investment,Negative
Completely useless purchase,Negative
Very bad experience with this,Negative
Poor quality and performance,Negative
Product failed after few uses,Negative
Extremely bad build quality,Negative
Very frustrating product,Negative
Not working at all,Negative
The product is damaged,Negative
Very disappointing item,Negative
Poor and weak design,Negative
Completely unsatisfactory,Negative
Very bad purchase decision,Negative
I am extremely happy with this item,Positive
Very solid and strong build,Positive
Excellent and smooth functionality,Positive
Great experience using this,Positive
Very practical and useful product,Positive
High quality and durable,Positive
The product works flawlessly,Positive
Very efficient and quick,Positive
Loved the overall design,Positive
This is a high quality item,Positive
Product performs really well,Positive
Very impressive quality,Positive
Nice and elegant design,Positive
Extremely satisfied with the product,Positive
Very reliable performance,Positive
Great and consistent results,Positive
Very user friendly design,Positive
Excellent support and service,Positive
The product is very durable,Positive
Amazing build and finish,Positive
Very poor experience overall,Negative
Extremely disappointing product,Negative
Very bad quality control,Negative
The product is faulty,Negative
Very cheap materials used,Negative
Product is not durable at all,Negative
Extremely bad performance,Negative
Very slow and inefficient,Negative
Not recommended for anyone,Negative
Completely failed expectations,Negative
Very weak and fragile,Negative
Poor and unstable performance,Negative
Very bad design flaws,Negative
Product is not worth buying,Negative
Very unreliable and inconsistent,Negative
Extremely poor usability,Negative
Bad experience with this item,Negative
Very low quality standards,Negative
Product has major issues,Negative
Completely useless and broken,Negative
This product is excellent,Positive
Very smooth and reliable,Positive
Great value and performance,Positive
Loved using this every day,Positive
Extremely efficient and useful,Positive
Very high performance product,Positive
Nice and simple to use,Positive
Amazing quality and durability,Positive
Very polished and refined,Positive
Excellent design and usability,Positive
Very comfortable experience,Positive
Highly recommended for everyone,Positive
This product works great,Positive
Very happy with this purchase,Positive
Amazing experience overall,Positive
Great features and quality,Positive
Very solid and dependable,Positive
Extremely good value,Positive
Loved the performance,Positive
Very nice product overall,Positive
Worst experience using this product,Negative
Very bad and poor quality,Negative
Not satisfied with performance,Negative
Extremely frustrating experience,Negative
Very poor reliability,Negative
The product is completely broken,Negative
Very bad finishing and design,Negative
Not usable in daily life,Negative
Very disappointing and weak,Negative
Product does not deliver,Negative
Extremely bad usability,Negative
Very poor durability,Negative
Product has serious flaws,Negative
Very bad and cheap build,Negative
Not recommended at all,Negative
Very slow response time,Negative
Extremely low performance,Negative
Bad quality product overall,Negative
Completely disappointing purchase,Negative
Worst product quality,Negative
This product is very efficient,Positive
Amazing performance and reliability,Positive
Very high quality materials used,Positive
Excellent and smooth working,Positive
Very good experience overall,Positive
Loved the build and finish,Positive
Very durable and strong product,Positive
Perfect for regular use,Positive
Very responsive and fast,Positive
Great usability and comfort,Positive
Extremely satisfied with this purchase,Positive
Very clean and neat design,Positive
Outstanding performance and quality,Positive
Very easy to operate,Positive
Highly reliable and efficient,Positive
Very smooth and consistent,Positive
Great design and innovation,Positive
Loved the premium feel,Positive
Very useful and practical,Positive
Amazing value for money,Positive
Excellent product quality,Positive
Very comfortable and easy,Positive
Great and stable performance,Positive
Very dependable and reliable,Positive
Superb experience using this,Positive
Very polished design,Positive
Great finishing and detailing,Positive
Very impressive product,Positive
High quality and strong build,Positive
Very efficient system overall,Positive
This product is very disappointing,Negative
Extremely poor quality,Negative
Very bad overall performance,Negative
Product failed very quickly,Negative
Not worth the price at all,Negative
Very weak and fragile build,Negative
Poor design and usability,Negative
Very slow and laggy performance,Negative
Extremely frustrating to use,Negative
Product is not reliable,Negative
Very cheap quality materials,Negative
Poor and unstable working,Negative
Not recommended to anyone,Negative
Very bad finishing quality,Negative
Completely unsatisfactory product,Negative
Very poor durability,Negative
The product broke easily,Negative
Very bad experience overall,Negative
Completely useless and ineffective,Negative
Extremely disappointing purchase,Negative
Very smooth and flawless performance,Positive
Excellent build quality and design,Positive
Very reliable and fast system,Positive
Amazing usability and features,Positive
Very comfortable to handle,Positive
Loved the efficiency of this product,Positive
Great overall performance,Positive
Very consistent and stable,Positive
High quality and premium design,Positive
Extremely useful and effective,Positive
Very user friendly and simple,Positive
Excellent durability and strength,Positive
Very impressive features,Positive
Perfect for daily usage,Positive
Very responsive and smooth,Positive
Great value product,Positive
Very solid and dependable,Positive
Amazing product experience,Positive
Very efficient and reliable,Positive
Loved the overall quality,Positive
Very bad usability experience,Negative
Extremely poor performance,Negative
Very disappointing results,Negative
Not working as expected,Negative
Very low quality design,Negative
Product is very unreliable,Negative
Extremely weak performance,Negative
Very poor finishing,Negative
Completely broken product,Negative
Very frustrating and annoying,Negative
Not worth buying,Negative
Very bad product overall,Negative
Extremely poor durability,Negative
Product stopped working,Negative
Very inconsistent results,Negative
Poor customer experience,Negative
Very low performance output,Negative
Completely dissatisfied,Negative
Worst experience ever,Negative
Very poor build quality,Negative
Excellent product and performance,Positive
Very smooth and reliable experience,Positive
Amazing build and quality,Positive
Very comfortable and easy usage,Positive
High performance product,Positive
Very efficient working system,Positive
Great design and usability,Positive
Very impressive performance,Positive
Loved using this product,Positive
Very stable and strong build,Positive
Extremely satisfied with quality,Positive
Great and polished finish,Positive
Very reliable experience,Positive
Amazing product quality,Positive
Very user friendly system,Positive
Excellent and smooth performance,Positive
Very consistent and dependable,Positive
Great product design,Positive
Very efficient and fast,Positive
Loved the performance,Positive
This product is completely useless,Negative
Very poor and weak design,Negative
Extremely bad performance,Negative
Very disappointing purchase,Negative
Not durable at all,Negative
Very bad customer support,Negative
Extremely frustrating experience,Negative
Very low quality materials,Negative
Product failed quickly,Negative
Very unreliable performance,Negative
Poor and unstable system,Negative
Very bad usability,Negative
Completely broken functionality,Negative
Very poor finishing quality,Negative
Not recommended product,Negative
Extremely bad build quality,Negative
Very slow and inefficient,Negative
Product is not usable,Negative
Very disappointing quality,Negative
Worst purchase decision,Negative
This product works flawlessly,Positive
Amazing quality and performance,Positive
Very smooth and fast operation,Positive
Excellent usability and design,Positive
Very reliable and efficient system,Positive
Loved the experience overall,Positive
Great product with amazing features,Positive
Very comfortable and easy handling,Positive
Outstanding performance and durability,Positive
Very high quality finish,Positive
Extremely satisfied with this product,Positive
Very impressive build quality,Positive
Great design and functionality,Positive
Very stable and consistent performance,Positive
Perfect for daily usage,Positive
Amazing usability and comfort,Positive
Very user friendly interface,Positive
Great value for price,Positive
Loved the quality and design,Positive
Very efficient and responsive,Positive
This is one of the best products,Positive
Very polished and premium feel,Positive
Excellent performance overall,Positive
Very strong and durable build,Positive
Great product experience,Positive
Highly satisfied with the purchase,Positive
Amazing and reliable product,Positive
Very smooth experience,Positive
Excellent quality and usability,Positive
Very dependable system,Positive
This product is very bad,Negative
Extremely disappointing quality,Negative
Very poor and weak performance,Negative
Not working properly at all,Negative
Very low quality materials used,Negative
Completely useless and broken,Negative
Very frustrating experience,Negative
Poor design and structure,Negative
Extremely unreliable product,Negative
Very slow and inefficient,Negative
Not worth the money spent,Negative
Very bad usability and design,Negative
Product failed after few days,Negative
Very poor durability and strength,Negative
Completely disappointing purchase,Negative
Very bad overall experience,Negative
Product is not functional,Negative
Very inconsistent performance,Negative
Poor finishing and build quality,Negative
Worst product I have used,Negative
Very annoying and frustrating,Negative
Product is not dependable,Negative
Extremely poor performance,Negative
Very bad and cheap quality,Negative
Not recommended for use,Negative
Very weak and unstable,Negative
Product stopped working suddenly,Negative
Very poor usability experience,Negative
Completely unsatisfactory product,Negative
Very disappointing quality,Negative
Amazing product and great performance,Positive
Very smooth and efficient working,Positive
Excellent and reliable system,Positive
Loved using this every day,Positive
Very high performance product,Positive
Great build quality and finish,Positive
Very comfortable to use daily,Positive
Amazing usability and design,Positive
Very responsive and fast system,Positive
Extremely satisfied with performance,Positive
Very reliable product overall,Positive
Excellent experience using this,Positive
Very efficient and strong build,Positive
Loved the premium design,Positive
Very durable and long lasting,Positive
Great usability and comfort,Positive
Very impressive overall quality,Positive
Excellent and smooth operation,Positive
Very consistent performance,Positive
Amazing product experience,Positive
This product is not good,Negative
Very poor quality and design,Negative
Extremely disappointing results,Negative
Very weak and fragile product,Negative
Poor performance overall,Negative
Very bad experience using this,Negative
Not worth the investment,Negative
Very unreliable and unstable,Negative
Product has many issues,Negative
Very frustrating and annoying,Negative
Extremely poor usability,Negative
Very slow response and lag,Negative
Poor and weak build quality,Negative
Very disappointing performance,Negative
Completely useless product,Negative
Very bad finishing quality,Negative
Not recommended at all,Negative
Very low durability product,Negative
Worst experience overall,Negative
Very poor product design,Negative
Absolutely fantastic and reliable,Positive
Very smooth and consistent usage,Positive
Great value and excellent quality,Positive
Very comfortable and easy to use,Positive
Amazing build and performance,Positive
Very responsive and efficient,Positive
Excellent usability and speed,Positive
Loved the overall experience,Positive
Very strong and durable product,Positive
Great design and features,Positive
Very reliable and fast system,Positive
Extremely satisfied with purchase,Positive
Very high quality product,Positive
Excellent and smooth performance,Positive
Very efficient and dependable,Positive
Amazing and polished finish,Positive
Very stable and consistent,Positive
Loved the performance overall,Positive
Very easy and simple to use,Positive
Great product and experience,Positive
This is the worst product,Negative
Very bad and disappointing quality,Negative
Extremely poor experience,Negative
Very weak and unreliable,Negative
Poor usability and design,Negative
Very frustrating and slow,Negative
Product is not worth buying,Negative
Very low performance output,Negative
Extremely disappointing purchase,Negative
Very bad durability,Negative
Not functional at all,Negative
Very poor quality materials,Negative
Product failed completely,Negative
Very inconsistent and weak,Negative
Worst purchase ever made,Negative
Very bad customer experience,Negative
Extremely poor build quality,Negative
Very slow and inefficient performance,Negative
Completely useless and waste,Negative
Very disappointing product overall,Negative
This product is absolutely brilliant,Positive
I am fully satisfied with this purchase,Positive
The quality is beyond expectations,Positive
Very smooth and hassle free usage,Positive
Great attention to detail,Positive
Extremely well built product,Positive
Very elegant and premium look,Positive
Super efficient and reliable,Positive
Loved every feature of this product,Positive
Highly impressed with the performance,Positive
This works better than expected,Positive
Very nice and polished design,Positive
Great quality and durability,Positive
This is a must buy product,Positive
Totally satisfied with the results,Positive
Excellent craftsmanship and quality,Positive
Very refined and smooth working,Positive
Amazing experience using this item,Positive
Very good finishing and build,Positive
The product feels very premium,Positive
It performs exceptionally well,Positive
Very comfortable and easy to operate,Positive
I am very pleased with this product,Positive
This is a high quality product,Positive
Very efficient and dependable,Positive
Everything works perfectly fine,Positive
Great product with solid performance,Positive
Very stable and smooth functioning,Positive
Highly recommended for daily use,Positive
Very impressive and reliable,Positive
The product is outstanding,Positive
Very consistent and accurate,Positive
Superb design and functionality,Positive
Great user experience overall,Positive
Very easy to understand and use,Positive
This is a fantastic item,Positive
Amazing build and finish quality,Positive
Very responsive and quick,Positive
Great support and service,Positive
Very happy with the results,Positive
This product is completely useless,Negative
Very disappointing and frustrating,Negative
The quality is extremely poor,Negative
Not satisfied with this purchase,Negative
The product broke very soon,Negative
Very unreliable and weak,Negative
Completely failed expectations,Negative
Very bad build quality,Negative
The item is defective,Negative
Very low quality product,Negative
Not worth buying at all,Negative
Very poor finishing,Negative
The product is not usable,Negative
Extremely disappointing experience,Negative
Very bad performance overall,Negative
The product is damaged,Negative
Very frustrating to use,Negative
Completely useless purchase,Negative
Very poor design and build,Negative
Worst experience with this product,Negative
Very cheap and low quality,Negative
Product does not perform well,Negative
Extremely poor durability,Negative
Very bad usability,Negative
The item is not reliable,Negative
Very inconsistent performance,Negative
Product stopped working quickly,Negative
Very poor customer experience,Negative
The product has many issues,Negative
Very weak and unstable,Negative
This is not a good product,Negative
Very slow and inefficient,Negative
Very poor and disappointing,Negative
Completely unsatisfactory item,Negative
Very bad purchase decision,Negative
The product is faulty,Negative
Very poor results overall,Negative
The product is not durable,Negative
Very annoying experience,Negative
Worst quality product ever,Negative
Excellent product with amazing results,Positive
Very smooth and consistent performance,Positive
The quality is very impressive,Positive
Great product with high efficiency,Positive
Very strong and durable material,Positive
Loved using this every day,Positive
Very reliable and fast,Positive
Amazing usability and comfort,Positive
Very easy and simple to use,Positive
Great product with nice features,Positive
Very polished and refined finish,Positive
Excellent design and build quality,Positive
Very efficient and effective,Positive
Great experience overall,Positive
Very responsive system,Positive
Amazing and powerful performance,Positive
Very stable and consistent,Positive
Loved the overall quality,Positive
Very high performance product,Positive
Excellent usability and speed,Positive
This product is not working properly,Negative
Very poor performance and quality,Negative
The experience was very bad,Negative
Very disappointing product quality,Negative
Not worth the money spent,Negative
Very bad finishing and design,Negative
Extremely frustrating product,Negative
Very poor usability and experience,Negative
Product is not reliable at all,Negative
Very weak build quality,Negative
Completely broken functionality,Negative
Very bad quality materials,Negative
The product is not efficient,Negative
Very poor experience overall,Negative
Product has serious issues,Negative
Very low performance output,Negative
Extremely disappointing purchase,Negative
Very bad and unstable system,Negative
The product is unusable,Negative
Very poor durability and strength,Negative
Amazing product with great features,Positive
Very smooth and efficient system,Positive
Excellent performance and quality,Positive
Very comfortable to use daily,Positive
Great design and usability,Positive
Very reliable and strong,Positive
Loved the build quality,Positive
Very consistent and dependable,Positive
Amazing product experience overall,Positive
Very efficient and responsive,Positive
Excellent and reliable performance,Positive
Very user friendly and intuitive,Positive
Great value and performance,Positive
Very stable and smooth,Positive
Loved using this product,Positive
Very polished and high quality,Positive
Amazing usability and design,Positive
Very strong and durable,Positive
Excellent product overall,Positive
Very impressive and reliable product,Positive
Really impressed with how smoothly it runs,Positive
The finish and detailing are excellent,Positive
Very quick setup and easy to use,Positive
Great performance even after long use,Positive
Build quality feels solid and premium,Positive
The product delivers consistent results,Positive
Super handy and very practical,Positive
Everything about this feels high quality,Positive
Very efficient in day to day tasks,Positive
Happy with the speed and accuracy,Positive
The design is sleek and modern,Positive
Works great right out of the box,Positive
Very stable with no glitches,Positive
Great choice for the price range,Positive
The features are really useful,Positive
Excellent reliability over time,Positive
Very intuitive controls,Positive
Impressive battery/performance balance,Positive
Handles tasks effortlessly,Positive
Clean interface and smooth experience,Positive
Very durable after weeks of use,Positive
Top tier performance for this category,Positive
Really like the attention to detail,Positive
Quick response and no lag,Positive
Perfect fit for my needs,Positive
Very consistent output every time,Positive
Easy to maintain and operate,Positive
Great packaging and presentation,Positive
Feels sturdy and well engineered,Positive
Delivers exactly what it promises,Positive
Setup was simple and fast,Positive
Very polished user experience,Positive
Excellent stability and speed,Positive
The quality control seems great,Positive
Highly dependable in daily use,Positive
Very neat and minimal design,Positive
Performance is impressive for the size,Positive
Great ergonomics and comfort,Positive
Very accurate and reliable results,Positive
Outstanding value for the features,Positive
Build is tough and long lasting,Positive
No complaints so far,Positive
Works like a dream,Positive
Very smooth transitions and operation,Positive
The product feels thoughtfully designed,Positive
Excellent overall package,Positive
Very responsive under load,Positive
Great upgrade from my previous one,Positive
Handles multitasking very well,Positive
Very efficient energy/performance ratio,Positive
The product meets all expectations,Positive
Solid performance across scenarios,Positive
User friendly from the start,Positive
Great balance of price and quality,Positive
Very refined finish,Positive
Consistent and dependable behavior,Positive
Impressed with the speed,Positive
Very convenient features included,Positive
The quality exceeded what I expected,Positive
Great everyday reliability,Positive
Extremely happy with how it performs,Positive
The product feels robust,Positive
Very good attention to usability,Positive
Everything feels well put together,Positive
Strong performance with no hiccups,Positive
Very clean build and layout,Positive
The experience has been great so far,Positive
Reliable even under heavy use,Positive
Very smooth interaction,Positive
Great for long term usage,Positive
Nice combination of features,Positive
Feels premium in hand/use,Positive
The output quality is excellent,Positive
Very fast processing/response,Positive
Great for beginners and pros alike,Positive
Very easy learning curve,Positive
No issues after continuous use,Positive
Excellent consistency,Positive
Well optimized performance,Positive
Great craftsmanship,Positive
Very balanced overall,Positive
The product is subpar and unreliable,Negative
Performance drops frequently,Negative
Not consistent at all,Negative
Feels poorly constructed,Negative
Lots of glitches during use,Negative
Setup was confusing and slow,Negative
Quality does not match expectations,Negative
Breaks down under regular use,Negative
Very laggy and unresponsive,Negative
Materials feel cheap and flimsy,Negative
Inconsistent results every time,Negative
Customer support was unhelpful,Negative
Packaging was damaged on arrival,Negative
Stopped working within days,Negative
Not stable for daily tasks,Negative
Overpriced for what it offers,Negative
Very noisy/buggy during operation,Negative
The interface is confusing,Negative
Not reliable over time,Negative
Frequent errors and crashes,Negative
Build quality is weak,Negative
Does not deliver promised features,Negative
Very slow response time,Negative
Uncomfortable and hard to use,Negative
The product overheats/struggles,Negative
Performance is below average,Negative
Fails under moderate load,Negative
Poor finishing and rough edges,Negative
Quality control is lacking,Negative
Returned it due to issues,Negative
Not suitable for regular use,Negative
Very disappointing overall,Negative
Features don’t work properly,Negative
Unstable and unpredictable,Negative
Feels outdated and clunky,Negative
Battery/performance drains quickly,Negative
Not worth the asking price,Negative
Difficult to operate,Negative
Very inconsistent behavior,Negative
Build is not durable,Negative
Experience was frustrating,Negative
Multiple defects noticed,Negative
Poor optimization,Negative
Lags during simple tasks,Negative
Not user friendly at all,Negative
Breaks easily,Negative
Low quality components,Negative
Fails to meet basic expectations,Negative
Very bad long term reliability,Negative
Noisy and inefficient,Negative
The design has major flaws,Negative
Terrible after-sales experience,Negative
Not recommended for anyone,Negative
Frequent malfunctions,Negative
Hard to maintain,Negative
Unacceptable performance,Negative
Feels like a cheap knockoff,Negative
Very poor stability,Negative
Doesn’t justify the cost,Negative
Annoying issues throughout,Negative
The product is defective out of box,Negative
Support did not resolve issues,Negative
Inaccurate results/output,Negative
Very weak performance overall,Negative
Stops responding randomly,Negative
Bad experience from start to end,Negative
Quality deteriorates quickly,Negative
Unreliable for important tasks,Negative
Overhyped and underdelivers,Negative
Poorly designed interface,Negative
The item arrived faulty,Negative
Too many compromises in quality,Negative
Very disappointing durability,Negative
Fails basic functionality,Negative
This product is extremely reliable and efficient,Positive
Very smooth and polished performance,Positive
Loved how quickly it responds,Positive
The overall experience is excellent,Positive
Very well optimized and fast,Positive
Great product with consistent quality,Positive
Very clean and modern design,Positive
Superb usability and comfort,Positive
Very dependable in daily usage,Positive
Excellent balance of features and performance,Positive
This item works perfectly every time,Positive
Very impressive speed and accuracy,Positive
Great craftsmanship and finish,Positive
Very stable and reliable system,Positive
Highly satisfied with the performance,Positive
The product feels very high quality,Positive
Excellent product with great usability,Positive
Very comfortable and easy to operate,Positive
Amazing experience overall,Positive
Very efficient and smooth working,Positive
This product is not worth it,Negative
Very poor and unreliable performance,Negative
The experience was extremely bad,Negative
Very weak and low quality build,Negative
Completely disappointed with the product,Negative
Very slow and unresponsive,Negative
Not recommended for anyone,Negative
Extremely poor usability,Negative
The product failed too early,Negative
Very bad quality and performance,Negative
Completely useless and broken,Negative
Very frustrating and annoying experience,Negative
The product is not dependable,Negative
Very poor design and structure,Negative
Worst purchase decision ever,Negative
Very inconsistent and unstable,Negative
Extremely disappointing overall,Negative
Very bad finishing and quality,Negative
Product has serious defects,Negative
Very poor experience overall,Negative